INSERT INTO TIPO_CONJUNTO VALUES('D','Edificio de departamentos');
INSERT INTO TIPO_CONJUNTO VALUES('C','Condominio');
INSERT INTO TIPO_COPROPIETARIO VALUES('A','Arrendatario');
INSERT INTO TIPO_COPROPIETARIO VALUES('P','Propietario');
INSERT INTO TIPO_GASTO VALUES('C','Consumo');
INSERT INTO TIPO_GASTO VALUES('A','Administración');
INSERT INTO TIPO_GASTO VALUES('P','Piscina');
INSERT INTO TIPO_GASTO VALUES('J','Mantenimiento');
INSERT INTO TIPO_ADICIONAL VALUES('C','Calefacción');
INSERT INTO TIPO_ADICIONAL VALUES('A','Agua Caliente');
INSERT INTO TIPO_ADICIONAL VALUES('R','Reserva');
INSERT INTO TIPO_ADICIONAL VALUES('E','Estacionamiento');
----
INSERT INTO ESTADO_COPROPIETARIO VALUES('A','Activo');
INSERT INTO ESTADO_COPROPIETARIO VALUES('I','Inactivo');
INSERT INTO ESTADO_DEUDA VALUES('P','Pagado');
INSERT INTO ESTADO_DEUDA VALUES('N','No Pagado');
INSERT INTO ESTADO_RESERVA VALUES('A','Aceptada');
INSERT INTO ESTADO_RESERVA VALUES('R','Rechazda');
----
INSERT INTO ADMINISTRADOR VALUES(17795858,'Pedro','Perez','Pereira','gato123',45547738,'PPPP@mail.cl');
INSERT INTO ADMINISTRADOR VALUES(9287546,'Luis','Montiel','Plaza','newwaves',77454504,'Admin435@mail.cl');
INSERT INTO CONJUNTO VALUES(DEFAULT,'Los Alamos',25355674,24566,'Gran Avenida 1623','C',17795858,1);
INSERT INTO CONJUNTO VALUES(DEFAULT,'El Trauco',23136523,3254457,'Camino de hojas 1453','D',9287546,1);
INSERT INTO CONJUNTO VALUES(DEFAULT,'Pantenon',22222222,45709808,'Los Cardenales 342','D',9287546,2);
INSERT INTO CONJUNTO VALUES(DEFAULT,'Las Araucarias',27777777,34234457,'El avanico 2255','D',9287546,2);
INSERT INTO CONJUNTO VALUES(DEFAULT,'Los Cipreces',23434334,9999999,'Arreta Cañas 5854','D',9287546,1);
INSERT INTO CONJUNTO VALUES(DEFAULT,'El Alerce',21331331,10000000,'Los Olmos 3450','D',9287546,2);
INSERT INTO CONJUNTO VALUES(DEFAULT,'El Boldo',29125677,123,'Marcela Paz 3450','D',9287546,2);
INSERT INTO CONJUNTO VALUES(DEFAULT,'Señor Litre',24576743,0,'Vicuña Makenna 666','D',9287546,2);
INSERT INTO CONJUNTO VALUES(DEFAULT,'Los Manzanos',27274220,454546,'Las Sophoras 9999','D',9287546,2);
INSERT INTO PROPIEDAD VALUES(DEFAULT,'c023',890,0.40,1);
INSERT INTO PROPIEDAD VALUES(DEFAULT,'a065',8000,0.40,1);
INSERT INTO PROPIEDAD VALUES(DEFAULT,'e065',89,0.25,2);
INSERT INTO PROPIEDAD VALUES(DEFAULT,'r065',123,0.30,2);
INSERT INTO PROPIEDAD VALUES(DEFAULT,'f063',321,0.20,2);
INSERT INTO PROPIEDAD VALUES(DEFAULT,'d025',66,0.25,2);
INSERT INTO PROPIEDAD VALUES(DEFAULT,'65',666,0.25,3);
INSERT INTO PROPIEDAD VALUES(DEFAULT,'88',133,0.25,3);
INSERT INTO PROPIEDAD VALUES(DEFAULT,'f123',5909,0.20,3);
INSERT INTO PROPIEDAD VALUES(DEFAULT,'f33',1232,0.15,3);
INSERT INTO PROPIEDAD VALUES(DEFAULT,'654',3332,0.15,3);
INSERT INTO PROPIEDAD VALUES(DEFAULT,'33',444,0.02,4);
INSERT INTO PROPIEDAD VALUES(DEFAULT,'344',3323,0.30,4);
INSERT INTO PROPIEDAD VALUES(DEFAULT,'g44',1234,0.22,5);
INSERT INTO PROPIEDAD VALUES(DEFAULT,'244',4332,0.12,5);
INSERT INTO PROPIEDAD VALUES(DEFAULT,'22',933,0.42,5);
INSERT INTO PROPIEDAD VALUES(DEFAULT,'wee',3344,0.18,6);
INSERT INTO PROPIEDAD VALUES(DEFAULT,'ee',8987,0.12,6);
INSERT INTO PROPIEDAD VALUES(DEFAULT,'232',7880,0.12,6);
INSERT INTO PROPIEDAD VALUES(DEFAULT,'344',9860,0.43,6);
INSERT INTO PROPIEDAD VALUES(DEFAULT,'g44',8860,0.23,7);
INSERT INTO PROPIEDAD VALUES(DEFAULT,'23',880,0.33,7);
INSERT INTO PROPIEDAD VALUES(DEFAULT,'g34',8075,0.55,8);
INSERT INTO PROPIEDAD VALUES(DEFAULT,'t55',8890,0.10,8);
INSERT INTO PROPIEDAD VALUES(DEFAULT,'g33',8870,0.14,8);
INSERT INTO PROPIEDAD VALUES(DEFAULT,'f33',890,0.09,8);
INSERT INTO PROPIEDAD VALUES(DEFAULT,'334',454,0.12,8);
INSERT INTO COPROPIETARIO VALUES (12345671,'Virginia','Rice','Nielsen',4664416,'Ap #793-1517 Non Av.','tristique@Nulltae.org',1,'P',11);
INSERT INTO COPROPIETARIO VALUES (12345672,'Anastasia','Serrano','Hayes',2400649,'Ap #734-7468 Ornare Ave','Curabitur.ut.odio@Donec.edu',2,'P',237);
INSERT INTO COPROPIETARIO VALUES (12345673,'Igor','Nelson','Quinn',1635987,'277-7370 Semper Rd.','ipsum@enim.org',3,'A',48);
INSERT INTO COPROPIETARIO VALUES (12345674,'Medge','Bolton','Hunter',4736842,'156-1178 Eu Street','malesuada@Innecorci.com',4,'P',244);
INSERT INTO COPROPIETARIO VALUES (12345675,'Stacy','Rocha','Giles',1503618,'951-2285 Sagittis St.','consectetuer.cursus.et@indolor.org',5,'P',172);
INSERT INTO COPROPIETARIO VALUES (12345676,'Illana','Frye','Chang',7764963,'7554 Amet, Av.','Cras@tortornibhsit.co.uk',6,'P',253);
INSERT INTO COPROPIETARIO VALUES (12345677,'Oren','Barber','Chapman',6123116,'P.O. Box 103, 3542 Tortor St.','Integer.vitae.nibh@faucibuslectusa.ca',7,'A',34);
INSERT INTO COPROPIETARIO VALUES (12345678,'Portia','Conrad','Compton',5841522,'524-4735 Pede, Rd.','convallis.ligula@facilisis.net',8,'P',248);
INSERT INTO COPROPIETARIO VALUES (12345679,'Aspen','Dickerson','Patrick',8425779,'8407 Proin St.','arcu.Sed.eu@loremut.org',9,'P',282);
INSERT INTO COPROPIETARIO VALUES (12345670,'Jocelyn','Cote','Carroll',3557256,'Ap #319-1811 Ac, St.','penatibus.et@malesuada.edu',10,'A',22);
INSERT INTO COPROPIETARIO VALUES (12345681,'Austin','Ferguson','Pratt',1371192,'P.O. Box 257, 4894 Ut Av.','mattis.ornare.lectus@orci.org',11,'A',275);
INSERT INTO COPROPIETARIO VALUES (12345682,'Emmanuel','Whitfield','Mason',5089737,'873 Lectus. Rd.','Aenean.eget.magna@etliberoProin.com',12,'A',112);
INSERT INTO COPROPIETARIO VALUES (12345683,'Ciara','Santana','Hill',1917770,'Ap #204-1579 Dolor St.','sed.sapien@viverraMaecenas.com',13,'A',33);
INSERT INTO COPROPIETARIO VALUES (12345684,'Brock','Brown','Sanford',3439829,'1175 Ullamcorper St.','Phasellus.dolor@senectusetnetus.edu',14,'P',98);
INSERT INTO COPROPIETARIO VALUES (12345685,'Zahir','Hayden','Warren',6137135,'P.O. Box 891, 689 Libero Rd.','Aliquam@enimCurabiturmassa.org',15,'P',170);
INSERT INTO COPROPIETARIO VALUES (12345686,'Keelie','Sanchez','Simpson',5412438,'3611 Natoque St.','eros.non.enim@mattis.com',16,'A',324);
INSERT INTO COPROPIETARIO VALUES (12345687,'Colette','Jordan','Johnston',7434264,'840 Tellus. Ave','Maecenas.malesuada@velitduisemper.edu',17,'P',86);
INSERT INTO COPROPIETARIO VALUES (12345688,'Autumn','Burnett','Dickerson',8016699,'Ap #744-1636 Nulla St.','semper.erat@antelectus.edu',18,'P',53);
INSERT INTO COPROPIETARIO VALUES (12345689,'Jescie','Velazquez','Alvarado',2823439,'4890 Turpis. Rd.','Aliquam@suscipitest.ca',19,'P',134);
INSERT INTO COPROPIETARIO VALUES (12345680,'Amanda','Humphrey','Yates',7594701,'Ap #201-5523 Curae; Ave','et.ultrices.posuere@consectetuer.co.uk',20,'P',320);
INSERT INTO COPROPIETARIO VALUES (12345691,'Rhea','Meadows','Meyer',2821943,'Ap #884-7862 Arcu. Street','molestie@vulputateullamcorper.co.uk',21,'P',337);
INSERT INTO COPROPIETARIO VALUES (12345692,'Derek','Harmon','Gross',7557239,'Ap #693-5382 Euismod Av.','neque.sed@a.com',22,'P',309);
INSERT INTO COPROPIETARIO VALUES (12345693,'Bruno','Weiss','Dodson',3132816,'566-5957 Rutrum Rd.','tellus.lorem@urnaNullam.org',23,'P',18);
INSERT INTO COPROPIETARIO VALUES (12345694,'Carl','Patton','Avila',3166700,'9204 Sed, St.','tellus.sem@eueuismodac.com',24,'P',193);
INSERT INTO COPROPIETARIO VALUES (12345695,'Noel','Peters','Norris',5027019,'P.O. Box 696, 2134 Nonummy Road','blandit.Nam@Aeneansed.co.uk',25,'P',2);
INSERT INTO COPROPIETARIO VALUES (12345696,'Dominic','Palmer','Scott',4213605,'P.O. Box 856, 602 Elit, St.','enim@VivamusnisiMauris.net',26,'P',44);
INSERT INTO COPROPIETARIO VALUES (12345697,'Chava','Russo','Ashley',7997965,'248-9509 Sollicitudin Rd.','eget.magna.Suspendisse@Nullaeu.com',27,'P',82);
INSERT INTO COPROPIETARIO VALUES (12345698,'Madeline','Whitfield','Browning',4449858,'Ap #953-6608 Elit, Av.','Suspendisse.sagittis.Nullam@ac.org',28,'P',12);
INSERT INTO COPROPIETARIO VALUES (12345699,'Emma','Yang','Bolton',9291080,'P.O. Box 492, 2931 A Avenue','tincidunt@ut.edu',29,'P',188);
INSERT INTO COPROPIETARIO VALUES (12345612,'Eleanor','Logan','Phelps',2973734,'6105 Nam Rd.','feugiat@aliquet.com',30,'P',232);
INSERT INTO COPROPIETARIO VALUES (12345613,'Bertha','Hodge','Hanson',4182734,'8307 Odio Rd.','mauris.id@orci.edu',31,'P',242);
INSERT INTO COPROPIETARIO VALUES (12345614,'Madeline','Wood','Snyder',3661397,'5731 Auctor St.','iaculis.aliquet.diam@ipsumac.edu',32,'P',333);
INSERT INTO COPROPIETARIO VALUES (12345624,'Kirk','Sandoval','Webb',9449027,'Ap #317-3517 Cras Avenue','risus.Morbi.metus@commodoat.co.uk',33,'P',343);
INSERT INTO COPROPIETARIO VALUES (12345635,'Claudia','Osborne','Harper',3750778,'6844 Nunc Street','risus@egestas.net',34,'P',132);
INSERT INTO COPROPIETARIO VALUES (12345645,'Noah','Harris','Stanley',5705473,'5687 Vestibulum Street','Fusce.mollis@adipiscing.net',35,'P',61);
INSERT INTO ESPACIO VALUES(DEFAULT,'Salón de eventos','Para celebraciones',1);
INSERT INTO ESPACIO VALUES(DEFAULT,'Picina','Para celebraciones',1);
INSERT INTO ESPACIO VALUES(DEFAULT,'Quincho','Pealización de asados',2);
INSERT INTO ESPACIO VALUES(DEFAULT,'Sala audiovisual','Para ver películas o hacer presentaciones',2);
INSERT INTO ESPACIO VALUES(DEFAULT,'Salón de eventos','Para celebraciones',2);
INSERT INTO ESPACIO VALUES(DEFAULT,'Salón de eventos','Para celebraciones',3);
INSERT INTO ESPACIO VALUES(DEFAULT,'Picina','Para celebraciones',3);
INSERT INTO ESPACIO VALUES(DEFAULT,'Quincho','Pealización de asados',4);
INSERT INTO ESPACIO VALUES(DEFAULT,'Salón de eventos','Para celebraciones',4);
INSERT INTO ESPACIO VALUES(DEFAULT,'Quincho','Pealización de asados',5);
INSERT INTO ESPACIO VALUES(DEFAULT,'Salón de eventos','Para celebraciones',5);
INSERT INTO ESPACIO VALUES(DEFAULT,'Picina','Para celebraciones',5);
INSERT INTO ESPACIO VALUES(DEFAULT,'Sala audiovisual','Para ver películas o hacer presentaciones',6);
INSERT INTO ESPACIO VALUES(DEFAULT,'Salón de eventos','Para celebraciones',6);
INSERT INTO ESPACIO VALUES(DEFAULT,'Picina','Para celebraciones',6);
INSERT INTO ESPACIO VALUES(DEFAULT,'Quincho','Pealización de asados',7);
INSERT INTO ESPACIO VALUES(DEFAULT,'Picina','Para celebraciones',7);
INSERT INTO ESPACIO VALUES(DEFAULT,'Quincho','Pealización de asados',8);
INSERT INTO ESPACIO VALUES(DEFAULT,'Salón de eventos','Para celebraciones',8);

INSERT INTO RESERVA VALUES(DEFAULT,'10/06/2009','aniversario',1,1,'A');
INSERT INTO RESERVA VALUES(DEFAULT,'06/04/2008','opera',2,2,'R');
INSERT INTO RESERVA VALUES(DEFAULT,'18/03/2011','cumpleañós',3,3,'A');
INSERT INTO RESERVA VALUES(DEFAULT,'16/01/2006','Reunion empresarial',4,4,'R');
INSERT INTO RESERVA VALUES(DEFAULT,'14/02/2004','matrimonio',5,5,'A');
INSERT INTO RESERVA VALUES(DEFAULT,'19/01/2006','graduación',7,6,'R');
INSERT INTO RESERVA VALUES(DEFAULT,'24/09/2002','cumpleañós',8,7,'A');
INSERT INTO RESERVA VALUES(DEFAULT,'03/12/2005','asado familiar',12,8,'R');
INSERT INTO RESERVA VALUES(DEFAULT,'10/12/2010','graduación',13,9,'A');
INSERT INTO RESERVA VALUES(DEFAULT,'02/07/2009','cumpleaños',14,10,'R');
INSERT INTO RESERVA VALUES(DEFAULT,'14/06/2010','Cumpleaños',15,11,'A');
INSERT INTO RESERVA VALUES(DEFAULT,'05/01/2006','fiesta cumpleaños',16,12,'R');

INSERT INTO GASTO VALUES (1,'Pago de sueldos a conserjes al día','16/06/2015',7071,4,'C');
INSERT INTO GASTO VALUES (2,'Mantenimiento ascensores','25/12/2013',27862,9,'J');
INSERT INTO GASTO VALUES (3,'Mantención piscina','28/05/2014',21644,5,'P');
INSERT INTO GASTO VALUES (4,'Mantención piscina','26/09/2013',4652,3,'P');
INSERT INTO GASTO VALUES (5,'Mantención piscina','10/06/2015',41563,5,'P');
INSERT INTO GASTO VALUES (6,'Pago de sueldos a conserjes al día','01/07/2015',28573,2,'C');
INSERT INTO GASTO VALUES (7,'Pago de sueldos a conserjes al día','12/07/2015',44786,8,'C');
INSERT INTO GASTO VALUES (8,'Mantención piscina','11/07/2014',12114,7,'P');
INSERT INTO GASTO VALUES (9,'Mantención piscina','24/01/2014',7392,8,'P');
INSERT INTO GASTO VALUES (10,'Mantención piscina','24/06/2014',23584,1,'P');
INSERT INTO GASTO VALUES (11,'Pago de sueldos a conserjes al día','11/03/2014',33050,7,'C');
INSERT INTO GASTO VALUES (12,'Mantenimiento ascensores','16/02/2014',41002,9,'J');
INSERT INTO GASTO VALUES (13,'Mantenimiento ascensores','05/06/2014',35905,1,'J');
INSERT INTO GASTO VALUES (14,'VFondo común','17/06/2015',32145,2,'A');
INSERT INTO GASTO VALUES (15,'Fondo común','02/12/2013',11682,3,'A');
INSERT INTO GASTO VALUES (16,'Pago de sueldos a conserjes al día','21/04/2015',43348,1,'C');
INSERT INTO GASTO VALUES (17,'Fondo común','09/04/2014',26907,6,'A');
INSERT INTO GASTO VALUES (18,'Mantención piscina','22/02/2015',31508,9,'P');
INSERT INTO GASTO VALUES (19,'Mantención piscina','10/03/2015',12176,3,'P');
INSERT INTO GASTO VALUES (20,'Fondo común','11/05/2015',40403,7,'A');
INSERT INTO GASTO VALUES (21,'Mantención piscina','07/12/2013',35715,7,'P');
INSERT INTO GASTO VALUES (22,'Fondo común','20/11/2013',44145,2,'A');
INSERT INTO GASTO VALUES (23,'Pago de sueldos a conserjes al día','02/10/2013',36167,6,'C');
INSERT INTO GASTO VALUES (24,'Fondo común','09/08/2014',24187,5,'A');
INSERT INTO GASTO VALUES (25,'Pago de sueldos a conserjes al día','01/01/2014',46454,6,'C');
INSERT INTO GASTO VALUES (26,'Fondo común','17/01/2014',17085,3,'A');
INSERT INTO GASTO VALUES (27,'Mantenimiento iluminación estacionamientos','01/11/2013',47507,9,'J');
INSERT INTO GASTO VALUES (28,'Fondo común','25/09/2013',4542,5,'A');
INSERT INTO GASTO VALUES (29,'Mantenimiento áreas comunes','22/10/2014',25994,6,'J');
INSERT INTO GASTO VALUES (30,'Mantención piscina','23/06/2014',43068,1,'P');
INSERT INTO GASTO VALUES (31,'Mantenimiento áreas comunes','17/07/2014',33656,1,'J');
INSERT INTO GASTO VALUES (32,'Mantenimiento iluminación hall de entrada','12/05/2014',17551,3,'J');
INSERT INTO GASTO VALUES (33,'Fondo común','27/11/2013',32270,5,'A');
INSERT INTO GASTO VALUES (34,'Fondo común','10/04/2015',39954,3,'A');
INSERT INTO GASTO VALUES (35,'Fondo común','19/08/2013',25248,6,'A');
INSERT INTO GASTO VALUES (36,'Mantenimiento iluminación hall de entrada','06/11/2013',8131,4,'J');
INSERT INTO GASTO VALUES (37,'Mantenimiento iluminación hall de entrada','15/02/2014',17369,5,'J');
INSERT INTO GASTO VALUES (38,'Mantención piscina','16/08/2014',34036,7,'P');
INSERT INTO GASTO VALUES (39,'Fondo común','16/02/2015',16007,9,'A');
INSERT INTO GASTO VALUES (40,'Pago de sueldos a conserjes al día','12/08/2013',39760,1,'C');
INSERT INTO GASTO VALUES (41,'Mantención piscina','17/04/2015',42400,7,'P');
INSERT INTO GASTO VALUES (42,'Mantenimiento iluminación hall de entrada','27/11/2014',15661,6,'J');
INSERT INTO GASTO VALUES (43,'Mantenimiento iluminación exterior','07/01/2014',29374,2,'J');
INSERT INTO GASTO VALUES (44,'Mantención piscina','17/01/2015',45013,4,'P');
INSERT INTO GASTO VALUES (45,'Pago de sueldos a conserjes al día','15/09/2013',9346,2,'C');
INSERT INTO GASTO VALUES (46,'Mantenimiento iluminación exterior','31/07/2014',42657,1,'J');
INSERT INTO GASTO VALUES (47,'Fondo común','05/05/2015',34390,6,'A');
INSERT INTO GASTO VALUES (48,'Mantención piscina','12/10/2014',6439,6,'P');
INSERT INTO GASTO VALUES (49,'Pago ejecutivo','19/03/2014',19505,8,'A');
INSERT INTO GASTO VALUES (50,'Mantenimiento iluminación hall de entrada','20/03/2015',29945,3,'J');
INSERT INTO GASTO VALUES (51,'Mantenimiento jardínes','06/07/2014',18570,9,'J');
INSERT INTO GASTO VALUES (52,'Pago de sueldos a conserjes al día','13/02/2015',16836,4,'C');
INSERT INTO GASTO VALUES (53,'Pago de sueldos a conserjes al día','16/05/2015',37719,5,'C');
INSERT INTO GASTO VALUES (54,'Mantenimiento jardínes','10/10/2014',11675,1,'J');
INSERT INTO GASTO VALUES (55,'Mantenimiento jardínes','26/04/2014',25563,2,'J');
INSERT INTO GASTO VALUES (56,'Mantenimiento jardínes','06/03/2014',49889,3,'J');
INSERT INTO GASTO VALUES (57,'Pago ejecutivo','05/02/2014',45433,3,'A');
INSERT INTO GASTO VALUES (58,'Pago de sueldos a conserjes al día','05/02/2015',28031,2,'C');
INSERT INTO GASTO VALUES (59,'Pago ejecutivo','02/01/2015',37341,6,'A');
INSERT INTO GASTO VALUES (60,'Pago cuenta de la luz','13/05/2015',36863,8,'C');
INSERT INTO GASTO VALUES (61,'Pago ejecutivo','10/03/2015',38634,2,'A');
INSERT INTO GASTO VALUES (62,'Mantenimiento jardínes','22/08/2014',45044,3,'J');
INSERT INTO GASTO VALUES (63,'Pago ejecutivo','15/07/2014',13160,6,'A');
INSERT INTO GASTO VALUES (64,'Pago de sueldos a conserjes al día','17/08/2014',13610,8,'C');
INSERT INTO GASTO VALUES (65,'Mantenimiento jardínes','10/04/2015',28940,6,'J');
INSERT INTO GASTO VALUES (66,'Fondo común','25/09/2014',45849,7,'A');
INSERT INTO GASTO VALUES (67,'Mantención piscina','03/04/2014',17771,1,'P');
INSERT INTO GASTO VALUES (68,'Pago de sueldos a conserjes al día','24/11/2014',17634,8,'C');
INSERT INTO GASTO VALUES (69,'Mantenimiento jardínes','29/04/2015',25959,2,'J');
INSERT INTO GASTO VALUES (70,'Mantenimiento jardínes','04/11/2014',49188,3,'J');
INSERT INTO GASTO VALUES (71,'Mantención piscina','05/04/2014',34740,3,'P');
INSERT INTO GASTO VALUES (72,'Mantenimiento jardínes','09/01/2014',40970,8,'J');
INSERT INTO GASTO VALUES (73,'Mantenimiento jardínes','26/01/2014',13645,2,'J');
INSERT INTO GASTO VALUES (74,'Mantenimiento iluminación','06/12/2014',41500,7,'J');
INSERT INTO GASTO VALUES (75,'Mantenimiento iluminación','05/02/2014',21014,6,'J');
INSERT INTO GASTO VALUES (76,'Mantenimiento iluminación','04/09/2014',23649,5,'J');
INSERT INTO GASTO VALUES (77,'Mantenimiento iluminación','13/11/2013',10919,1,'J');
INSERT INTO GASTO VALUES (78,'Mantención piscina','26/07/2014',20176,1,'P');
INSERT INTO GASTO VALUES (79,'Pago de sueldos a conserjes al día','17/05/2014',44289,3,'C');
INSERT INTO GASTO VALUES (80,'Fondo común','29/10/2014',40879,3,'A');
INSERT INTO GASTO VALUES (81,'Fondo común','12/02/2015',18885,7,'A');
INSERT INTO GASTO VALUES (82,'Mantención piscina','16/01/2015',48991,4,'P');
INSERT INTO GASTO VALUES (83,'Pago de sueldos a conserjes al día','08/10/2014',28545,3,'C');
INSERT INTO GASTO VALUES (84,'Pago de sueldos a conserjes al día','27/07/2014',9749,4,'C');
INSERT INTO GASTO VALUES (85,'Fondo común','28/08/2014',16661,8,'A');
INSERT INTO GASTO VALUES (86,'Fondo común','29/09/2013',5386,5,'A');
INSERT INTO GASTO VALUES (87,'Mantención piscina','08/05/2015',11508,2,'P');
INSERT INTO GASTO VALUES (88,'Mantención piscina','23/08/2013',14603,9,'P');
INSERT INTO GASTO VALUES (89,'Pago de sueldos a conserjes al día','05/02/2015',8779,4,'C');
INSERT INTO GASTO VALUES (90,'Fondo común','05/12/2014',20857,9,'A');
INSERT INTO GASTO VALUES (91,'Mantenimiento iluminación','15/03/2015',48530,8,'J');
INSERT INTO GASTO VALUES (92,'Fondo común','14/07/2015',8176,2,'A');
INSERT INTO GASTO VALUES (93,'Mantenimiento iluminación','26/10/2013',23761,8,'J');
INSERT INTO GASTO VALUES (94,'Mantención piscina','12/12/2014',49070,1,'P');
INSERT INTO GASTO VALUES (95,'Fondo común','26/06/2014',4742,7,'A');
INSERT INTO GASTO VALUES (96,'Fondo común','17/08/2014',6096,4,'A');
INSERT INTO GASTO VALUES (97,'Mantenimiento iluminación','15/10/2014',14856,7,'J');
INSERT INTO GASTO VALUES (98,'Fondo común','10/02/2015',8205,4,'A');
INSERT INTO GASTO VALUES (99,'Mantenimiento iluminación','11/04/2014',30822,7,'J');
INSERT INTO GASTO VALUES (100,'Fondo común','17/03/2015',24661,3,'A');

INSERT INTO ADICIONAL VALUES(DEFAULT,'20 m3' ,4000 ,'26/02/2012',2,'C');
INSERT INTO ADICIONAL VALUES(DEFAULT,'30 m3' ,4000 ,'26/02/2012',2,'C');
INSERT INTO ADICIONAL VALUES(DEFAULT,'10 m3' ,4000 ,'26/02/2012',2,'C');
INSERT INTO ADICIONAL VALUES(DEFAULT,'15 m3' ,4000 ,'26/02/2012',2,'C');
INSERT INTO ADICIONAL VALUES(DEFAULT,'16 m3' ,4000 ,'26/02/2012',2,'C');
INSERT INTO ADICIONAL VALUES(DEFAULT,'Sala de eventos',150000,'23/08/2010',1,'R');
INSERT INTO ADICIONAL VALUES(DEFAULT,'Sala de eventos' ,170000 ,'26/02/2013',2,'R');
INSERT INTO ADICIONAL VALUES(DEFAULT,'Sala de eventos',210000,'23/08/2001',1,'R');
INSERT INTO ADICIONAL VALUES(DEFAULT,'Estacionamientos' ,60000 ,'26/02/2002',2,'E');
INSERT INTO ADICIONAL VALUES(DEFAULT,'Estacionamientos',60000,'23/08/2010',1,'E');
INSERT INTO ADICIONAL VALUES(DEFAULT,'Estacionamientos' ,55000 ,'26/02/2012',2,'E');
INSERT INTO ADICIONAL VALUES(DEFAULT,'Estacionamientos',70000,'23/08/2012',1,'E');
INSERT INTO ADICIONAL VALUES(DEFAULT,'Estacionamientos' ,45000 ,'26/02/2010',2,'C');
INSERT INTO ADICIONAL VALUES(DEFAULT,'Estacionamientos',33000,'23/08/2009',1,'E');



INSERT INTO DEUDA VALUES (DEFAULT,'09/12/2013',7071,'11/04/2014','25/04/2015',22,'P');
INSERT INTO DEUDA VALUES (DEFAULT,'09/06/2013',27862,'16/07/2013','28/03/2015',14,'P');
INSERT INTO DEUDA VALUES (DEFAULT,'03/08/2014',21644,'13/09/2013','27/09/2013',22,'P');
INSERT INTO DEUDA VALUES (DEFAULT,'06/10/2014',9346,'30/11/2013','17/09/2013',25,'P');
INSERT INTO DEUDA VALUES (DEFAULT,'09/11/2014',18570,'11/12/2014','13/12/2014',2,'P');
INSERT INTO DEUDA VALUES (DEFAULT,'01/02/2014',40970,'04/03/2014','03/12/2014',20,'P');
INSERT INTO DEUDA VALUES (DEFAULT,'01/09/2014',41002,'11/10/2013','19/05/2015',26,'P');
INSERT INTO DEUDA VALUES (DEFAULT,'06/07/2015',39954,'30/10/2014','18/12/2014',2,'P');
INSERT INTO DEUDA VALUES (DEFAULT,'04/08/2014',4000,'16/12/2013','22/10/2014',9,'P');
INSERT INTO DEUDA VALUES (DEFAULT,'10/05/2014',4000,'15/06/2014','05/03/2014',13,'P');
INSERT INTO DEUDA VALUES (DEFAULT,'04/09/2015',4000,'09/10/2013','17/05/2015',11,'P');
INSERT INTO DEUDA VALUES (DEFAULT,'03/12/2014',4000,'31/12/2014','23/01/2015',1,'P');
INSERT INTO DEUDA VALUES (DEFAULT,'08/02/2013',4000,'23/04/2015','16/06/2015',18,'P');
INSERT INTO DEUDA VALUES (DEFAULT,'12/05/2013',150000,'03/09/2013','17/02/2015',16,'P');
INSERT INTO DEUDA VALUES (DEFAULT,'05/12/2015',170000,'19/01/2014','12/03/2015',11,'P');
INSERT INTO DEUDA VALUES (DEFAULT,'10/02/2013',210000,'31/05/2014','03/05/2014',13,'P');

INSERT INTO IMAGEN VALUES(DEFAULT,'/var/www/proyecto/02443.png','Boleta agua','Cancelada al dia',2);
INSERT INTO IMAGEN VALUES(DEFAULT,'/var/www/proyecto/0241.png','Boleta electricidad','Cancelada al dia',1);

INSERT INTO COP_PRO VALUES(12345671,1,'28/07/1983','A');
INSERT INTO COP_PRO VALUES(12345672,2,'11/07/1999','A');
INSERT INTO COP_PRO VALUES(12345673,2,'04/11/2011','A');
INSERT INTO COP_PRO VALUES(12345674,3,'06/12/1998','A');
INSERT INTO COP_PRO VALUES(12345675,4,'12/04/1999','A');
INSERT INTO COP_PRO VALUES(12345676,5,'16/06/2000','A');
INSERT INTO COP_PRO VALUES(12345677,5,'21/10/2004','A');
INSERT INTO COP_PRO VALUES(12345678,6,'12/04/1997','A');
INSERT INTO COP_PRO VALUES(12345679,7,'25/02/1999','A');
INSERT INTO COP_PRO VALUES(12345670,7,'23/01/2001','A');
INSERT INTO COP_PRO VALUES(12345681,8,'27/09/2010','A');
INSERT INTO COP_PRO VALUES(12345682,9,'01/10/2002','A');
INSERT INTO COP_PRO VALUES(12345683,10,'12/06/2011','A');
INSERT INTO COP_PRO VALUES(12345684,8,'17/07/1998','A');
INSERT INTO COP_PRO VALUES(12345685,9,'19/08/1995','A');
INSERT INTO COP_PRO VALUES(12345686,11,'21/03/2009','A');
INSERT INTO COP_PRO VALUES(12345687,10,'13/02/1995','A');
INSERT INTO COP_PRO VALUES(12345688,11,'17/01/1996','A');
INSERT INTO COP_PRO VALUES(12345689,12,'10/05/2001','A');
INSERT INTO COP_PRO VALUES(12345680,13,'19/07/1994','A');
INSERT INTO COP_PRO VALUES(12345691,14,'15/10/1992','A');
INSERT INTO COP_PRO VALUES(12345692,15,'13/11/2003','A');
INSERT INTO COP_PRO VALUES(12345693,16,'12/12/1992','A');
INSERT INTO COP_PRO VALUES(12345694,17,'15/04/1994','A');
INSERT INTO COP_PRO VALUES(12345695,18,'13/07/1997','A');
INSERT INTO COP_PRO VALUES(12345696,19,'24/02/2005','A');
INSERT INTO COP_PRO VALUES(12345697,20,'27/04/2002','A');
INSERT INTO COP_PRO VALUES(12345698,21,'29/07/1999','A');
INSERT INTO COP_PRO VALUES(12345699,22,'20/08/1996','A');
INSERT INTO COP_PRO VALUES(12345612,23,'10/12/2003','A');
INSERT INTO COP_PRO VALUES(12345613,24,'11/11/1996','A');
INSERT INTO COP_PRO VALUES(12345614,25,'12/04/2001','A');
INSERT INTO COP_PRO VALUES(12345624,26,'11/09/1994','A');
INSERT INTO COP_PRO VALUES(12345635,27,'04/10/2002','A');
INSERT INTO COP_PRO VALUES(12345645,27,'11/09/1993','I');

INSERT INTO GAS_DEU VALUES(1,1);
INSERT INTO GAS_DEU VALUES(2,2);
INSERT INTO GAS_DEU VALUES(3,3);
INSERT INTO GAS_DEU VALUES(4,45);
INSERT INTO GAS_DEU VALUES(5,51);
INSERT INTO GAS_DEU VALUES(6,72);
INSERT INTO GAS_DEU VALUES(7,12);
INSERT INTO GAS_DEU VALUES(8,34);


INSERT INTO ADI_DEU VALUES(9,1);
INSERT INTO ADI_DEU VALUES(10,2);
INSERT INTO ADI_DEU VALUES(11,3);
INSERT INTO ADI_DEU VALUES(12,4);
INSERT INTO ADI_DEU VALUES(13,5);
INSERT INTO ADI_DEU VALUES(14,6);
INSERT INTO ADI_DEU VALUES(15,7);
INSERT INTO ADI_DEU VALUES(16,8);















